{"cameraMode":{"drawMode":0,"name":"Shaded","section":"Shading Mode"},"sceneLighting":true,"audioPlay":false,"sceneViewState":{"m_AlwaysRefresh":false,"showFog":true,"showSkybox":true,"showFlares":true,"showImageEffects":true,"showParticleSystems":true,"showVisualEffectGraphs":true,"m_FxEnabled":true},"in2DMode":false,"pivot":{"x":0.7377848625183106,"y":4.237282752990723,"z":27.215662002563478},"rotation":{"x":0.12983499467372895,"y":0.16343244910240174,"z":-0.021693263202905656,"w":0.9778751730918884},"size":6.557382106781006,"orthographic":false}