{"cameraMode":{"drawMode":0,"name":"Shaded","section":"Shading Mode"},"sceneLighting":true,"audioPlay":false,"sceneViewState":{"m_AlwaysRefresh":false,"showFog":true,"showSkybox":true,"showFlares":true,"showImageEffects":true,"showParticleSystems":true,"showVisualEffectGraphs":true,"m_FxEnabled":true},"in2DMode":false,"pivot":{"x":199.99099731445313,"y":515.78466796875,"z":-730.7921142578125},"rotation":{"x":-0.07791852205991745,"y":-0.022124215960502626,"z":0.0016332108061760665,"w":-0.9969064593315125},"size":85.42057037353516,"orthographic":false}