{"cameraMode":{"drawMode":0,"name":"Shaded","section":"Shading Mode"},"sceneLighting":false,"audioPlay":false,"sceneViewState":{"m_AlwaysRefresh":false,"showFog":true,"showSkybox":false,"showFlares":true,"showImageEffects":true,"showParticleSystems":true,"showVisualEffectGraphs":true,"m_FxEnabled":true},"in2DMode":false,"pivot":{"x":-31.67550277709961,"y":3.8301143646240236,"z":14.284627914428711},"rotation":{"x":-0.0020410011056810619,"y":0.5489798188209534,"z":-0.0012609505793079734,"w":-0.8359246253967285},"size":20.10732078552246,"orthographic":false}