{"cameraMode":{"drawMode":0,"name":"Shaded","section":"Shading Mode"},"sceneLighting":false,"audioPlay":false,"sceneViewState":{"m_AlwaysRefresh":false,"showFog":true,"showSkybox":false,"showFlares":true,"showImageEffects":true,"showParticleSystems":true,"showVisualEffectGraphs":true,"m_FxEnabled":true},"in2DMode":false,"pivot":{"x":-32.70701599121094,"y":-3.591386079788208,"z":6.009917736053467},"rotation":{"x":-0.31494173407554629,"y":-0.004833373706787825,"z":0.0016048740362748504,"w":-0.9490991830825806},"size":19.14998435974121,"orthographic":false}