{"cameraMode":{"drawMode":0,"name":"Shaded","section":"Shading Mode"},"sceneLighting":false,"audioPlay":false,"sceneViewState":{"m_AlwaysRefresh":false,"showFog":true,"showSkybox":false,"showFlares":true,"showImageEffects":true,"showParticleSystems":true,"showVisualEffectGraphs":true,"m_FxEnabled":true},"in2DMode":false,"pivot":{"x":-0.011460602283477784,"y":1.070268154144287,"z":5.054013252258301},"rotation":{"x":-0.30874064564704897,"y":0.1270420402288437,"z":-0.04165147989988327,"w":-0.9417089223861694},"size":0.7088725566864014,"orthographic":false}